{"count":1,"self":1791.6985344,"total":6100.5319554,"children":{"InitializeActuators":{"count":1,"self":0.0019947999999999997,"total":0.0019947999999999997,"children":null},"InitializeSensors":{"count":1,"self":0.0009972,"total":0.0009972,"children":null},"AgentSendState":{"count":295179,"self":2.9363932,"total":21.5981866,"children":{"CollectObservations":{"count":295179,"self":7.1480248,"total":7.1480248999999993,"children":null},"WriteActionMask":{"count":295179,"self":0.5044959,"total":0.5044959,"children":null},"RequestDecision":{"count":295179,"self":1.4789028,"total":11.0092726,"children":{"AgentInfo.ToProto":{"count":295179,"self":2.0226432,"total":9.530369799999999,"children":{"GenerateSensorData":{"count":295179,"self":7.5077263999999992,"total":7.5077264999999995,"children":null}}}}}}},"DecideAction":{"count":295179,"self":4284.0518655999995,"total":4284.051751,"children":null},"AgentAct":{"count":295179,"self":3.0508816,"total":3.0508815,"children":null},"AgentInfo.ToProto":{"count":5009,"self":0.0359118,"total":0.1277034,"children":{"GenerateSensorData":{"count":5009,"self":0.0917916,"total":0.0917916,"children":null}}}},"gauges":{"CarBehavior.CumulativeReward":{"count":5009,"max":29.3503456,"min":-42.04997,"runningAverage":-17.8102512,"value":-21.8499985,"weightedAverage":-14.878931}},"metadata":{"timer_format_version":"0.1.0","start_time_seconds":"1637108269","unity_version":"2021.1.24f1","command_line_arguments":"C:\\Users\\Rohan Kadkol\\OneDrive - Louisiana State University\\MacBook\\Study\\7th Semester\\CSC 4444\\Code\\CSC4444_Unity\\4444_project.exe --mlagents-port 5005","communication_protocol_version":"1.5.0","com.unity.ml-agents_version":"2.1.0-exp.1","scene_name":"Scene1","end_time_seconds":"1637114370"}}