{"count":1,"self":461.1649536,"total":833.505217,"children":{"InitializeActuators":{"count":1,"self":0.0009987,"total":0.0009987,"children":null},"InitializeSensors":{"count":1,"self":0.001995,"total":0.001995,"children":null},"AgentSendState":{"count":41548,"self":0.3848049,"total":2.889013,"children":{"CollectObservations":{"count":41548,"self":1.0956805,"total":1.0956805,"children":null},"WriteActionMask":{"count":41548,"self":0.06514339999999999,"total":0.06514339999999999,"children":null},"RequestDecision":{"count":41548,"self":0.1985391,"total":1.3433842,"children":{"AgentInfo.ToProto":{"count":41548,"self":0.259692,"total":1.1448451,"children":{"GenerateSensorData":{"count":41548,"self":0.88515309999999991,"total":0.88515309999999991,"children":null}}}}}}},"DecideAction":{"count":41548,"self":368.98303999999996,"total":368.9830455,"children":null},"AgentAct":{"count":41548,"self":0.4502777,"total":0.4502777,"children":null},"AgentInfo.ToProto":{"count":452,"self":0.0019942,"total":0.012934399999999999,"children":{"GenerateSensorData":{"count":452,"self":0.010940199999999999,"total":0.010940199999999999,"children":null}}}},"gauges":{"CarBehavior.CumulativeReward":{"count":452,"max":25.6502457,"min":-41.7999725,"runningAverage":-12.3215609,"value":-31.949976,"weightedAverage":-25.9709587}},"metadata":{"timer_format_version":"0.1.0","start_time_seconds":"1637231025","unity_version":"2021.1.24f1","command_line_arguments":"C:\\Users\\Rohan Kadkol\\OneDrive - Louisiana State University\\MacBook\\Study\\7th Semester\\CSC 4444\\Code\\CSC4444_Unity\\4444_project.exe --mlagents-port 5005","communication_protocol_version":"1.5.0","com.unity.ml-agents_version":"2.1.0-exp.1","scene_name":"Scene1","end_time_seconds":"1637231858"}}