{"count":1,"self":947.9638016,"total":2788.0475023999998,"children":{"InitializeActuators":{"count":1,"self":0.0019947,"total":0.0019947,"children":null},"InitializeSensors":{"count":1,"self":0.0009973,"total":0.0009973,"children":null},"AgentSendState":{"count":137326,"self":1.2849038,"total":9.0295916,"children":{"CollectObservations":{"count":137326,"self":3.0417593999999997,"total":3.0417593999999997,"children":null},"WriteActionMask":{"count":137326,"self":0.1955216,"total":0.1955216,"children":null},"RequestDecision":{"count":137326,"self":0.6321683,"total":4.5074068,"children":{"AgentInfo.ToProto":{"count":137326,"self":0.8514683,"total":3.8752385,"children":{"GenerateSensorData":{"count":137326,"self":3.0237702,"total":3.0237702,"children":null}}}}}}},"DecideAction":{"count":137326,"self":1829.5818239999999,"total":1829.5818146,"children":null},"AgentAct":{"count":137326,"self":1.4254136,"total":1.4254136,"children":null},"AgentInfo.ToProto":{"count":1774,"self":0.012962699999999999,"total":0.040893599999999995,"children":{"GenerateSensorData":{"count":1774,"self":0.027930899999999998,"total":0.027930899999999998,"children":null}}}},"gauges":{"CarBehavior.CumulativeReward":{"count":1774,"max":16.5000916,"min":-41.7499733,"runningAverage":-13.5319881,"value":-33.799984,"weightedAverage":-23.894207}},"metadata":{"timer_format_version":"0.1.0","start_time_seconds":"1637105221","unity_version":"2021.1.24f1","command_line_arguments":"C:\\Users\\Rohan Kadkol\\OneDrive - Louisiana State University\\MacBook\\Study\\7th Semester\\CSC 4444\\Code\\CSC4444_Unity\\4444_project.exe --mlagents-port 5005","communication_protocol_version":"1.5.0","com.unity.ml-agents_version":"2.1.0-exp.1","scene_name":"Scene1","end_time_seconds":"1637108009"}}