{"count":1,"self":5673.394176,"total":11182.8047405,"children":{"InitializeActuators":{"count":1,"self":0.002993,"total":0.002993,"children":null},"InitializeSensors":{"count":1,"self":0.0019947999999999997,"total":0.0019947999999999997,"children":null},"AgentSendState":{"count":555620,"self":7.5578559999999992,"total":53.319392,"children":{"CollectObservations":{"count":555620,"self":18.8712992,"total":18.871299,"children":null},"WriteActionMask":{"count":555620,"self":1.2907214999999999,"total":1.2907214999999999,"children":null},"RequestDecision":{"count":555620,"self":3.5303383999999998,"total":25.599515399999998,"children":{"AgentInfo.ToProto":{"count":555620,"self":4.8439296,"total":22.069176799999997,"children":{"GenerateSensorData":{"count":555620,"self":17.225248,"total":17.2252474,"children":null}}}}}}},"DecideAction":{"count":555620,"self":5449.5166463999994,"total":5449.5167187,"children":null},"AgentAct":{"count":555620,"self":6.316968,"total":6.3169678,"children":null},"AgentInfo.ToProto":{"count":10000,"self":0.056832299999999995,"total":0.24932279999999998,"children":{"GenerateSensorData":{"count":10000,"self":0.19249049999999998,"total":0.19249049999999998,"children":null}}}},"gauges":{"CarBehavior.CumulativeReward":{"count":10000,"max":36.8505325,"min":-42.04997,"runningAverage":-18.2214985,"value":-12.9000044,"weightedAverage":-14.9234533}},"metadata":{"timer_format_version":"0.1.0","start_time_seconds":"1637207313","unity_version":"2021.1.24f1","command_line_arguments":"C:\\Users\\Rohan Kadkol\\OneDrive - Louisiana State University\\MacBook\\Study\\7th Semester\\CSC 4444\\Code\\CSC4444_Unity\\4444_project.exe --mlagents-port 5005","communication_protocol_version":"1.5.0","com.unity.ml-agents_version":"2.1.0-exp.1","scene_name":"Scene1","end_time_seconds":"1637218494"}}