{"count":1,"self":237.06465279999998,"total":329.8139286,"children":{"InitializeActuators":{"count":1,"self":0.0010037,"total":0.0010037,"children":null},"InitializeSensors":{"count":1,"self":0.00099899999999999989,"total":0.00099899999999999989,"children":null},"AgentSendState":{"count":3035,"self":0.040569799999999996,"total":0.2886245,"children":{"CollectObservations":{"count":3035,"self":0.1030468,"total":0.1030468,"children":null},"WriteActionMask":{"count":3035,"self":0.0049727,"total":0.0049727,"children":null},"RequestDecision":{"count":3035,"self":0.0197888,"total":0.1400352,"children":{"AgentInfo.ToProto":{"count":3035,"self":0.027775099999999997,"total":0.12024639999999999,"children":{"GenerateSensorData":{"count":3035,"self":0.092471299999999992,"total":0.092471299999999992,"children":null}}}}}}},"DecideAction":{"count":3035,"self":92.43565439999999,"total":92.4356567,"children":null},"AgentAct":{"count":3035,"self":0.0210043,"total":0.0210043,"children":null},"AgentInfo.ToProto":{"count":9,"self":0,"total":0,"children":{"GenerateSensorData":{"count":9,"self":0,"total":0,"children":null}}}},"gauges":{"CarBehavior.CumulativeReward":{"count":9,"max":-28.950016,"min":-41.1499634,"runningAverage":-36.43889,"value":-37.40002,"weightedAverage":-36.5536575}},"metadata":{"timer_format_version":"0.1.0","start_time_seconds":"1637366598","unity_version":"2021.1.24f1","command_line_arguments":"C:\\Users\\imnezat\\CSC4444_Unity\\4444_project.exe --mlagents-port 5005","communication_protocol_version":"1.5.0","com.unity.ml-agents_version":"2.1.0-exp.1","scene_name":"Scene1","end_time_seconds":"1637366928"}}