{"count":1,"self":1051.0182399999999,"total":1890.0243259,"children":{"InitializeActuators":{"count":1,"self":0.000998,"total":0.000998,"children":null},"InitializeSensors":{"count":1,"self":0.00096859999999999991,"total":0.00096859999999999991,"children":null},"AgentSendState":{"count":94451,"self":0.7901421,"total":6.0036555,"children":{"CollectObservations":{"count":94451,"self":2.2309403999999997,"total":2.2309403999999997,"children":null},"WriteActionMask":{"count":94451,"self":0.1358252,"total":0.1358252,"children":null},"RequestDecision":{"count":94451,"self":0.3614678,"total":2.8467477999999997,"children":{"AgentInfo.ToProto":{"count":94451,"self":0.5080787,"total":2.48528,"children":{"GenerateSensorData":{"count":94451,"self":1.9772011999999999,"total":1.9772013,"children":null}}}}}}},"DecideAction":{"count":94451,"self":831.9888384,"total":831.98884909999992,"children":null},"AgentAct":{"count":94451,"self":0.97753989999999991,"total":0.97753989999999991,"children":null},"AgentInfo.ToProto":{"count":1476,"self":0.0069267,"total":0.030706499999999998,"children":{"GenerateSensorData":{"count":1476,"self":0.0237798,"total":0.0237798,"children":null}}}},"gauges":{"CarBehavior.CumulativeReward":{"count":1476,"max":43.7004547,"min":-41.7999725,"runningAverage":-19.96677,"value":-41.39998,"weightedAverage":-27.2030754}},"metadata":{"timer_format_version":"0.1.0","start_time_seconds":"1637231940","unity_version":"2021.1.24f1","command_line_arguments":"C:\\Users\\Rohan Kadkol\\OneDrive - Louisiana State University\\MacBook\\Study\\7th Semester\\CSC 4444\\Code\\CSC4444_Unity\\4444_project.exe --mlagents-port 5005","communication_protocol_version":"1.5.0","com.unity.ml-agents_version":"2.1.0-exp.1","scene_name":"Scene1","end_time_seconds":"1637233830"}}