{"count":1,"self":379.8332928,"total":1445.6447914999999,"children":{"InitializeActuators":{"count":1,"self":0.0019944999999999997,"total":0.0019944999999999997,"children":null},"InitializeSensors":{"count":1,"self":0.0019949,"total":0.0019949,"children":null},"AgentSendState":{"count":71963,"self":0.79286289999999993,"total":5.3144499,"children":{"CollectObservations":{"count":71963,"self":1.8632476,"total":1.8632476999999998,"children":null},"WriteActionMask":{"count":71963,"self":0.128765,"total":0.128765,"children":null},"RequestDecision":{"count":71963,"self":0.32298489999999996,"total":2.5295742999999997,"children":{"AgentInfo.ToProto":{"count":71963,"self":0.4328336,"total":2.2065894,"children":{"GenerateSensorData":{"count":71963,"self":1.7737558,"total":1.7737558,"children":null}}}}}}},"DecideAction":{"count":71963,"self":1059.6902912,"total":1059.6902410999999,"children":null},"AgentAct":{"count":71963,"self":0.7751606,"total":0.7751606,"children":null},"AgentInfo.ToProto":{"count":1048,"self":0.0029882999999999997,"total":0.0246774,"children":{"GenerateSensorData":{"count":1048,"self":0.0216891,"total":0.0216891,"children":null}}}},"gauges":{"CarBehavior.CumulativeReward":{"count":1048,"max":17.1000748,"min":-41.6999741,"runningAverage":-15.4032984,"value":-21.4,"weightedAverage":-12.01161}},"metadata":{"timer_format_version":"0.1.0","start_time_seconds":"1636996188","unity_version":"2021.1.24f1","command_line_arguments":"C:\\Users\\Rohan Kadkol\\OneDrive - Louisiana State University\\MacBook\\Study\\7th Semester\\CSC 4444\\Code\\CSC4444_Unity\\4444_project.exe --mlagents-port 5005","communication_protocol_version":"1.5.0","com.unity.ml-agents_version":"2.1.0-exp.1","scene_name":"Scene1","end_time_seconds":"1636997633"}}