{"count":1,"self":1632.0752639999998,"total":6834.4893047,"children":{"InitializeActuators":{"count":1,"self":0.0019982999999999997,"total":0.0019982999999999997,"children":null},"InitializeSensors":{"count":1,"self":0.0019946,"total":0.0019946,"children":null},"AgentSendState":{"count":294443,"self":3.0945305999999997,"total":22.6062573,"children":{"CollectObservations":{"count":294443,"self":7.4499296,"total":7.4499295,"children":null},"WriteActionMask":{"count":294443,"self":0.5483426,"total":0.5483426,"children":null},"RequestDecision":{"count":294443,"self":1.5816246999999999,"total":11.5134546,"children":{"AgentInfo.ToProto":{"count":294443,"self":2.155576,"total":9.9318299,"children":{"GenerateSensorData":{"count":294443,"self":7.7762535999999995,"total":7.7762537999999992,"children":null}}}}}}},"DecideAction":{"count":294443,"self":5176.3781632,"total":5176.3781638,"children":null},"AgentAct":{"count":294443,"self":3.3084871999999996,"total":3.3084871999999996,"children":null},"AgentInfo.ToProto":{"count":3817,"self":0.0223317,"total":0.11410859999999999,"children":{"GenerateSensorData":{"count":3817,"self":0.0917769,"total":0.0917769,"children":null}}}},"gauges":{"CarBehavior.CumulativeReward":{"count":3817,"max":37.35037,"min":-41.89997,"runningAverage":-16.2547989,"value":-12.1499338,"weightedAverage":-14.82574}},"metadata":{"timer_format_version":"0.1.0","start_time_seconds":"1636989061","unity_version":"2021.1.24f1","command_line_arguments":"C:\\Users\\Rohan Kadkol\\OneDrive - Louisiana State University\\MacBook\\Study\\7th Semester\\CSC 4444\\Code\\CSC4444_Unity\\4444_project.exe --mlagents-port 5005","communication_protocol_version":"1.5.0","com.unity.ml-agents_version":"2.1.0-exp.1","scene_name":"Scene1","end_time_seconds":"1636995896"}}