{"count":1,"self":828.9803776,"total":1816.4709268,"children":{"InitializeActuators":{"count":1,"self":0.00099739999999999985,"total":0.00099739999999999985,"children":null},"InitializeSensors":{"count":1,"self":0.0009972,"total":0.0009972,"children":null},"AgentSendState":{"count":89402,"self":0.97126059999999992,"total":7.0620923,"children":{"CollectObservations":{"count":89402,"self":2.5460248,"total":2.5460249,"children":null},"WriteActionMask":{"count":89402,"self":0.1613542,"total":0.1613542,"children":null},"RequestDecision":{"count":89402,"self":0.46507289999999996,"total":3.3834526,"children":{"AgentInfo.ToProto":{"count":89402,"self":0.6500469,"total":2.9183797,"children":{"GenerateSensorData":{"count":89402,"self":2.2683328,"total":2.2683328,"children":null}}}}}}},"DecideAction":{"count":89402,"self":979.3809408,"total":979.38092439999991,"children":null},"AgentAct":{"count":89402,"self":1.0106283,"total":1.0106283,"children":null},"AgentInfo.ToProto":{"count":1160,"self":0.0059859,"total":0.0329314,"children":{"GenerateSensorData":{"count":1160,"self":0.026945499999999997,"total":0.026945499999999997,"children":null}}}},"gauges":{"CarBehavior.CumulativeReward":{"count":1160,"max":15.9500895,"min":-41.89997,"runningAverage":-13.347579,"value":-12.9000044,"weightedAverage":-11.7569265}},"metadata":{"timer_format_version":"0.1.0","start_time_seconds":"1637204085","unity_version":"2021.1.24f1","command_line_arguments":"C:\\Users\\Rohan Kadkol\\OneDrive - Louisiana State University\\MacBook\\Study\\7th Semester\\CSC 4444\\Code\\CSC4444_Unity\\4444_project.exe --mlagents-port 5005","communication_protocol_version":"1.5.0","com.unity.ml-agents_version":"2.1.0-exp.1","scene_name":"Scene1","end_time_seconds":"1637205901"}}