{"count":1,"self":1182.7124224,"total":4145.4233813,"children":{"InitializeActuators":{"count":1,"self":0.0009964,"total":0.0009964,"children":null},"InitializeSensors":{"count":1,"self":0.0019959,"total":0.0019959,"children":null},"AgentSendState":{"count":206261,"self":1.9517128,"total":13.8548487,"children":{"CollectObservations":{"count":206261,"self":4.7853411999999995,"total":4.7853411999999995,"children":null},"WriteActionMask":{"count":206261,"self":0.3296607,"total":0.3296607,"children":null},"RequestDecision":{"count":206261,"self":0.9459055999999999,"total":6.7881339,"children":{"AgentInfo.ToProto":{"count":206261,"self":1.3017074,"total":5.8422282999999995,"children":{"GenerateSensorData":{"count":206261,"self":4.5405207999999995,"total":4.5405209,"children":null}}}}}}},"DecideAction":{"count":206261,"self":2946.6363904,"total":2946.6364464999997,"children":null},"AgentAct":{"count":206261,"self":2.1508796,"total":2.1508797,"children":null},"AgentInfo.ToProto":{"count":3018,"self":0.0119702,"total":0.0638466,"children":{"GenerateSensorData":{"count":3018,"self":0.051876399999999996,"total":0.051876399999999996,"children":null}}}},"gauges":{"CarBehavior.CumulativeReward":{"count":3018,"max":21.6001625,"min":-41.7999725,"runningAverage":-15.8230658,"value":-12.2000008,"weightedAverage":-11.9776649}},"metadata":{"timer_format_version":"0.1.0","start_time_seconds":"1637030556","unity_version":"2021.1.24f1","command_line_arguments":"C:\\Users\\Rohan Kadkol\\OneDrive - Louisiana State University\\MacBook\\Study\\7th Semester\\CSC 4444\\Code\\CSC4444_Unity\\4444_project.exe --mlagents-port 5005","communication_protocol_version":"1.5.0","com.unity.ml-agents_version":"2.1.0-exp.1","scene_name":"Scene1","end_time_seconds":"1637034701"}}