{"count":1,"self":911.0887424,"total":2128.9922533,"children":{"InitializeActuators":{"count":1,"self":0.0009971,"total":0.0009971,"children":null},"InitializeSensors":{"count":1,"self":0.0009971,"total":0.0009971,"children":null},"AgentSendState":{"count":104871,"self":1.2028546,"total":8.449729099999999,"children":{"CollectObservations":{"count":104871,"self":3.016606,"total":3.0166059,"children":null},"WriteActionMask":{"count":104871,"self":0.1913678,"total":0.1913678,"children":null},"RequestDecision":{"count":104871,"self":0.52996559999999993,"total":4.0389007999999995,"children":{"AgentInfo.ToProto":{"count":104871,"self":0.8380297,"total":3.5089352,"children":{"GenerateSensorData":{"count":104871,"self":2.6709055999999998,"total":2.6709055,"children":null}}}}}}},"DecideAction":{"count":104871,"self":1208.2347008,"total":1208.2347376999999,"children":null},"AgentAct":{"count":104871,"self":1.1700393999999998,"total":1.1700393999999998,"children":null},"AgentInfo.ToProto":{"count":1310,"self":0.0059964,"total":0.0439789,"children":{"GenerateSensorData":{"count":1310,"self":0.037982499999999995,"total":0.037982499999999995,"children":null}}}},"gauges":{"CarBehavior.CumulativeReward":{"count":1310,"max":22.8502884,"min":-41.89997,"runningAverage":-13.65847,"value":-21.4499989,"weightedAverage":-17.91253}},"metadata":{"timer_format_version":"0.1.0","start_time_seconds":"1637201806","unity_version":"2021.1.24f1","command_line_arguments":"C:\\Users\\Rohan Kadkol\\OneDrive - Louisiana State University\\MacBook\\Study\\7th Semester\\CSC 4444\\Code\\CSC4444_Unity\\4444_project.exe --mlagents-port 5005","communication_protocol_version":"1.5.0","com.unity.ml-agents_version":"2.1.0-exp.1","scene_name":"Scene1","end_time_seconds":"1637203935"}}